{"cameraMode":{"drawMode":0,"name":"Shaded","section":"Shading Mode"},"sceneLighting":false,"audioPlay":false,"sceneViewState":{"showFog":true,"showMaterialUpdate":false,"showSkybox":false,"showFlares":true,"showImageEffects":true,"showParticleSystems":true},"in2DMode":false,"pivot":{"x":-6.092288970947266,"y":3.0283899307250978,"z":-13.658672332763672},"rotation":{"x":0.00010215505608357489,"y":0.9996710419654846,"z":0.026997007429599763,"w":-0.0048044947907328609},"size":41.848876953125,"orthographic":false}