{"cameraMode":{"drawMode":0,"name":"Shaded","section":"Shading Mode"},"sceneLighting":false,"audioPlay":false,"sceneViewState":{"showFog":true,"showMaterialUpdate":false,"showSkybox":true,"showFlares":true,"showImageEffects":true,"showParticleSystems":true},"in2DMode":false,"pivot":{"x":6.013873100280762,"y":2.491021156311035,"z":0.0909423828125},"rotation":{"x":0.023639582097530366,"y":-0.7989314794540405,"z":0.0347878560423851,"w":0.6007291078567505},"size":2.2254066467285158,"orthographic":false}