{"cameraMode":{"drawMode":0,"name":"Shaded","section":"Shading Mode"},"sceneLighting":true,"audioPlay":false,"sceneViewState":{"showFog":true,"showMaterialUpdate":false,"showSkybox":true,"showFlares":true,"showImageEffects":true,"showParticleSystems":true},"in2DMode":false,"pivot":{"x":-10.391529083251954,"y":-7.5771942138671879,"z":47.55099868774414},"rotation":{"x":-0.09065534174442291,"y":0.2299945056438446,"z":-0.021520940586924554,"w":-0.9687337875366211},"size":62.09988021850586,"orthographic":false}