{"cameraMode":{"drawMode":0,"name":"Shaded","section":"Shading Mode"},"sceneLighting":false,"audioPlay":false,"sceneViewState":{"showFog":true,"showMaterialUpdate":false,"showSkybox":true,"showFlares":true,"showImageEffects":true,"showParticleSystems":true},"in2DMode":false,"pivot":{"x":1.253515362739563,"y":10.472329139709473,"z":-10.845935821533204},"rotation":{"x":-0.0867159515619278,"y":0.4299532175064087,"z":-0.041561201214790347,"w":-0.8977299332618713},"size":61.218536376953128,"orthographic":false}