{"cameraMode":{"drawMode":0,"name":"Shaded","section":"Shading Mode"},"sceneLighting":false,"audioPlay":false,"sceneViewState":{"showFog":true,"showMaterialUpdate":false,"showSkybox":false,"showFlares":true,"showImageEffects":true,"showParticleSystems":true},"in2DMode":false,"pivot":{"x":0.3969454765319824,"y":0.6615363359451294,"z":0.5460972785949707},"rotation":{"x":0.1931115984916687,"y":-0.1546388417482376,"z":0.030821526423096658,"w":0.9684955477714539},"size":5.642856121063232,"orthographic":false}