{"cameraMode":{"drawMode":0,"name":"Shaded","section":"Shading Mode"},"sceneLighting":true,"audioPlay":false,"sceneViewState":{"showFog":true,"showMaterialUpdate":false,"showSkybox":true,"showFlares":true,"showImageEffects":true,"showParticleSystems":true},"in2DMode":false,"pivot":{"x":9.053982734680176,"y":1.6047823429107667,"z":-0.9094264507293701},"rotation":{"x":-0.03976299986243248,"y":-0.2975086569786072,"z":-0.01249747071415186,"w":0.9538824558258057},"size":5.463035583496094,"orthographic":false}